{"global_step": 871641, "_timestamp": 1700548506.4332216, "_runtime": 7886.8612225055695, "_step": 2608, "charts/episodic_return": 13.981529235839844, "charts/episodic_length": 400.0, "charts/success_rate": 0.0, "charts/learning_rate": 3.934426058549434e-05, "losses/value_loss": 0.02288678288459778, "losses/policy_loss": -0.002432376379147172, "losses/entropy": 7.831202507019043, "losses/old_approx_kl": -0.0001090110745280981, "losses/approx_kl": 0.0004050567513331771, "losses/clipfrac": 0.0, "losses/explained_variance": -0.0896921157836914, "charts/SPS": 110.0, "_wandb": {"runtime": 7886}}