{"global_step": 993474, "_timestamp": 1700660199.7584374, "_runtime": 19829.03841328621, "_step": 13037, "charts/episodic_return": 32.14607238769531, "charts/episodic_length": 67.0, "charts/success_rate": 0.25999999046325684, "charts/collisions": 1.0, "charts/learning_rate": 7.999999797903001e-05, "losses/value_loss": 35.4053840637207, "losses/policy_loss": -0.0010472324211150408, "losses/entropy": 4.247908115386963, "losses/old_approx_kl": 0.0029491952154785395, "losses/approx_kl": 0.001656781299971044, "losses/clipfrac": 0.00029291154351085424, "losses/explained_variance": 0.8327593803405762, "charts/SPS": 50.0, "_wandb": {"runtime": 19828}}