{"global_step": 2048, "_timestamp": 1700511200.437667, "_runtime": 29.686282873153687, "_step": 11, "charts/episodic_return": 1.5635923147201538, "charts/episodic_length": 200.0, "charts/success_rate": 0.0, "charts/learning_rate": 0.0003000000142492354, "losses/value_loss": 0.13082873821258545, "losses/policy_loss": -0.016692865639925003, "losses/entropy": 8.51362419128418, "losses/old_approx_kl": 0.017596669495105743, "losses/approx_kl": 0.014703324995934963, "losses/clipfrac": 0.12832030653953552, "losses/explained_variance": -0.03705191612243652, "charts/SPS": 92.0, "_wandb": {"runtime": 30}}