{"global_step": 999424, "_timestamp": 1700603112.7400823, "_runtime": 11264.297716379166, "_step": 3050, "charts/episodic_return": -7.5976881980896, "charts/episodic_length": 144.0, "charts/success_rate": 0.0, "charts/collisions": 1.0, "charts/learning_rate": 0.0003000000142492354, "losses/value_loss": 0.020993448793888092, "losses/policy_loss": -0.01669660210609436, "losses/entropy": -0.3834071755409241, "losses/old_approx_kl": -0.0064674499444663525, "losses/approx_kl": 0.024206429719924927, "losses/clipfrac": 0.3143066465854645, "losses/explained_variance": -0.0938878059387207, "charts/SPS": 88.0, "_wandb": {"runtime": 11263}}