{"global_step": 993474, "_timestamp": 1700651257.8090725, "_runtime": 11078.774520397186, "_step": 2826, "charts/episodic_return": 36.56697082519531, "charts/episodic_length": 400.0, "charts/success_rate": 0.27000001072883606, "charts/collisions": 0.0, "charts/learning_rate": 7.999999797903001e-05, "losses/value_loss": 8.309206008911133, "losses/policy_loss": -0.002114751609042287, "losses/entropy": 8.486565589904785, "losses/old_approx_kl": 0.004812933970242739, "losses/approx_kl": 0.0032413112930953503, "losses/clipfrac": 0.002566463081166148, "losses/explained_variance": 0.7128123641014099, "charts/SPS": 89.0, "_wandb": {"runtime": 11078}}