{"global_step": 993474, "_timestamp": 1700694910.7987983, "_runtime": 15427.970595359802, "_step": 6154, "charts/episodic_return": 147.22190856933594, "charts/episodic_length": 218.0, "charts/success_rate": 1.0, "charts/collisions": 0.0, "charts/learning_rate": 0.0003000000142492354, "losses/value_loss": 0.006250048987567425, "losses/policy_loss": -0.01768956147134304, "losses/entropy": 1.7728718519210815, "losses/old_approx_kl": 0.00910620205104351, "losses/approx_kl": 0.008643155917525291, "losses/clipfrac": 0.09874633699655533, "losses/explained_variance": 0.9873689413070679, "charts/SPS": 64.0, "_wandb": {"runtime": 15427}}