{"global_step": 483315, "_timestamp": 1700516756.7760875, "_runtime": 5218.643760442734, "_step": 2652, "charts/episodic_return": 6.492997169494629, "charts/episodic_length": 200.0, "charts/success_rate": 0.0, "charts/learning_rate": 0.00015614753647241741, "losses/value_loss": 0.0727282464504242, "losses/policy_loss": -0.02707473561167717, "losses/entropy": 8.035788536071777, "losses/old_approx_kl": 0.014998153783380985, "losses/approx_kl": 0.010873650200664997, "losses/clipfrac": 0.086669921875, "losses/explained_variance": 0.15910977125167847, "charts/SPS": 92.0, "_wandb": {"runtime": 5217}}