{"global_step": 999424, "_timestamp": 1700561286.5132039, "_runtime": 11155.103802919388, "_step": 3033, "charts/episodic_return": -35.151161193847656, "charts/episodic_length": 400.0, "charts/success_rate": 0.0, "charts/learning_rate": 6.147540716483491e-07, "losses/value_loss": 0.09068699926137924, "losses/policy_loss": -0.003558896481990814, "losses/entropy": 1.4962992668151855, "losses/old_approx_kl": -0.0024437312968075275, "losses/approx_kl": 0.0005669104866683483, "losses/clipfrac": 0.0, "losses/explained_variance": 0.07865017652511597, "charts/SPS": 89.0, "_wandb": {"runtime": 11154}}