{"global_step": 81920, "_timestamp": 1700505069.3988917, "_runtime": 845.640716791153, "_step": 323, "charts/episodic_return": 1.8300923109054565, "charts/episodic_length": 200.0, "charts/success_rate": 0.0, "charts/learning_rate": 0.0001500000071246177, "losses/value_loss": 0.12557171285152435, "losses/policy_loss": -0.008035078644752502, "losses/entropy": 8.47515869140625, "losses/old_approx_kl": 0.005608948413282633, "losses/approx_kl": 0.0070302668027579784, "losses/clipfrac": 0.0583789087831974, "losses/explained_variance": -0.1021355390548706, "charts/SPS": 99.0, "_wandb": {"runtime": 844}}