{"global_step": 999424, "_timestamp": 1700562547.7108922, "_runtime": 10730.052869081497, "_step": 3017, "charts/episodic_return": 28.35125732421875, "charts/episodic_length": 400.0, "charts/success_rate": 0.36000001430511475, "charts/collisions": 0.0, "charts/learning_rate": 6.147540716483491e-07, "losses/value_loss": 0.09380169212818146, "losses/policy_loss": -2.1498650312423706e-05, "losses/entropy": 7.957705020904541, "losses/old_approx_kl": -1.237494871020317e-06, "losses/approx_kl": 5.1513779908418655e-08, "losses/clipfrac": 0.0, "losses/explained_variance": 0.112720787525177, "charts/SPS": 93.0, "_wandb": {"runtime": 10729}}