{"global_step": 725101, "_timestamp": 1700521842.771223, "_runtime": 10600.690093040466, "_step": 4012, "charts/episodic_return": 18.670318603515625, "charts/episodic_length": 200.0, "charts/success_rate": 0.3499999940395355, "charts/learning_rate": 8.299180626636371e-05, "losses/value_loss": 0.06424794346094131, "losses/policy_loss": -0.01236327737569809, "losses/entropy": 1.1778899431228638, "losses/old_approx_kl": 0.034512586891651154, "losses/approx_kl": 0.017039867118000984, "losses/clipfrac": 0.20639649033546448, "losses/explained_variance": 0.37532317638397217, "charts/SPS": 68.0, "_wandb": {"runtime": 10601}}