{"global_step": 0, "_timestamp": 1700509432.6699517, "_runtime": 8.119267702102661, "_step": 0, "_wandb": {"runtime": 11}}