{"global_step": 398393, "_timestamp": 1700521781.8293233, "_runtime": 4974.015931367874, "_step": 2188, "charts/episodic_return": 3.742839813232422, "charts/episodic_length": 200.0, "charts/success_rate": 0.0, "charts/learning_rate": 0.00018135245773009956, "losses/value_loss": 0.08199997246265411, "losses/policy_loss": -0.009891928173601627, "losses/entropy": 7.933744430541992, "losses/old_approx_kl": 0.0048191137611866, "losses/approx_kl": 0.004957882687449455, "losses/clipfrac": 0.01132812537252903, "losses/explained_variance": -0.034854888916015625, "charts/SPS": 80.0, "_wandb": {"runtime": 4973}}