{"global_step": 98304, "_timestamp": 1700510398.619994, "_runtime": 1087.345191001892, "_step": 540, "charts/episodic_return": 10.109436988830566, "charts/episodic_length": 200.0, "charts/success_rate": 0.3199999928474426, "charts/learning_rate": 6.24999984211172e-06, "losses/value_loss": 1.5419607162475586, "losses/policy_loss": 0.009054593741893768, "losses/entropy": 8.075510025024414, "losses/old_approx_kl": -0.002818159759044647, "losses/approx_kl": 0.0007004383951425552, "losses/clipfrac": 0.0, "losses/explained_variance": 0.10323059558868408, "charts/SPS": 91.0, "_wandb": {"runtime": 1086}}