{"global_step": 930102, "_timestamp": 1700550462.1341603, "_runtime": 9619.559267282486, "_step": 2890, "charts/episodic_return": -30.56070899963379, "charts/episodic_length": 400.0, "charts/success_rate": 0.019999999552965164, "charts/learning_rate": 7.172131154220551e-05, "losses/value_loss": 0.18115384876728058, "losses/policy_loss": -0.006819847971200943, "losses/entropy": 4.863763332366943, "losses/old_approx_kl": 0.0035607460886240005, "losses/approx_kl": 0.0028622623067349195, "losses/clipfrac": 0.003173828125, "losses/explained_variance": 0.30749309062957764, "charts/SPS": 96.0, "_wandb": {"runtime": 9618}}