{"global_step": 98304, "_timestamp": 1700509752.0970786, "_runtime": 1116.528339624405, "_step": 540, "charts/episodic_return": -6.574411869049072, "charts/episodic_length": 200.0, "charts/success_rate": 0.0, "charts/learning_rate": 6.24999984211172e-06, "losses/value_loss": 0.11465959995985031, "losses/policy_loss": -0.013134803622961044, "losses/entropy": 7.893307685852051, "losses/old_approx_kl": 0.002489812672138214, "losses/approx_kl": 0.001735900528728962, "losses/clipfrac": 0.0004394531133584678, "losses/explained_variance": 0.13558727502822876, "charts/SPS": 88.0, "_wandb": {"runtime": 1115}}