{"global_step": 993474, "_timestamp": 1700690646.7312162, "_runtime": 11241.41701412201, "_step": 2860, "charts/episodic_return": 121.74353790283203, "charts/episodic_length": 400.0, "charts/success_rate": 0.9200000166893005, "charts/collisions": 0.0, "charts/learning_rate": 0.0003000000142492354, "losses/value_loss": 0.01813504472374916, "losses/policy_loss": -0.02900555171072483, "losses/entropy": 4.741082191467285, "losses/old_approx_kl": 0.012719512917101383, "losses/approx_kl": 0.012066259048879147, "losses/clipfrac": 0.12483890354633331, "losses/explained_variance": 0.9720707535743713, "charts/SPS": 88.0, "_wandb": {"runtime": 11240}}