{"global_step": 999424, "_timestamp": 1700603325.600177, "_runtime": 11717.586905002594, "_step": 3030, "charts/episodic_return": 7.017584323883057, "charts/episodic_length": 400.0, "charts/success_rate": 0.47999998927116394, "charts/collisions": 0.0, "charts/learning_rate": 0.0003000000142492354, "losses/value_loss": 0.07659547030925751, "losses/policy_loss": -0.009492404758930206, "losses/entropy": -0.44667476415634155, "losses/old_approx_kl": 0.059322845190763474, "losses/approx_kl": 0.02834855392575264, "losses/clipfrac": 0.33198243379592896, "losses/explained_variance": 0.5955029129981995, "charts/SPS": 85.0, "_wandb": {"runtime": 11716}}